n65,0,2.3283064365386963e-10
n68,0,2.3283064365386963e-10
n72,1,4.656612873077393e-10
n73,0,4.656612873077393e-10
n75,0,4.656612873077393e-10
n76,1,4.656612873077393e-10
n79,0,4.656612873077393e-10
n83,1,9.313225746154785e-10
n90,0,9.313225746154785e-10
n93,1,9.313225746154785e-10
n94,0,9.313225746154785e-10
n95,0,9.313225746154785e-10
n96,1,9.313225746154785e-10
n99,0,9.313225746154785e-10
n102,0,9.313225746154785e-10
n106,1,1.862645149230957e-09
n107,1,1.862645149230957e-09
n108,1,1.862645149230957e-09
n109,0,1.862645149230957e-09
n110,0,1.862645149230957e-09
n111,0,1.862645149230957e-09
n121,0,1.862645149230957e-09
n122,0,1.862645149230957e-09
n123,0,1.862645149230957e-09
n124,1,1.862645149230957e-09
n127,0,1.862645149230957e-09
n130,0,1.862645149230957e-09
n131,1,1.862645149230957e-09
n132,1,1.862645149230957e-09
n133,0,1.862645149230957e-09
n137,1,3.725290298461914e-09
n138,1,3.725290298461914e-09
n139,1,3.725290298461914e-09
n149,0,3.725290298461914e-09
n155,0,3.725290298461914e-09
n159,0,3.725290298461914e-09
n160,0,3.725290298461914e-09
n161,1,3.725290298461914e-09
n164,0,3.725290298461914e-09
n167,0,3.725290298461914e-09
n170,0,3.725290298461914e-09
n173,0,3.725290298461914e-09
n174,0,3.725290298461914e-09
n175,0,3.725290298461914e-09
n177,1,7.450580596923828e-09
n178,1,7.450580596923828e-09
n179,0,7.450580596923828e-09
n180,1,7.450580596923828e-09
n181,0,7.450580596923828e-09
n182,1,7.450580596923828e-09
n183,0,7.450580596923828e-09
n184,1,7.450580596923828e-09
n185,1,7.450580596923828e-09
n186,0,7.450580596923828e-09
n187,1,7.450580596923828e-09
n188,0,7.450580596923828e-09
n198,0,7.450580596923828e-09
n204,0,7.450580596923828e-09
n208,0,7.450580596923828e-09
n209,0,7.450580596923828e-09
n210,1,7.450580596923828e-09
n213,0,7.450580596923828e-09
n216,0,7.450580596923828e-09
n219,0,7.450580596923828e-09
n220,1,7.450580596923828e-09
n221,1,7.450580596923828e-09
n222,0,7.450580596923828e-09
n225,0,7.450580596923828e-09
n226,0,7.450580596923828e-09
n227,0,7.450580596923828e-09
n229,1,1.4901161193847656e-08
n230,1,1.4901161193847656e-08
n231,1,1.4901161193847656e-08
n232,1,1.4901161193847656e-08
n242,0,1.4901161193847656e-08
n243,1,1.4901161193847656e-08
n244,1,1.4901161193847656e-08
n245,0,1.4901161193847656e-08
n246,1,1.4901161193847656e-08
n247,0,1.4901161193847656e-08
n256,0,1.4901161193847656e-08
n262,0,1.4901161193847656e-08
n266,0,1.4901161193847656e-08
n267,0,1.4901161193847656e-08
n268,1,1.4901161193847656e-08
n271,0,1.4901161193847656e-08
n274,0,1.4901161193847656e-08
n277,0,1.4901161193847656e-08
n280,0,1.4901161193847656e-08
n283,0,1.4901161193847656e-08
n284,0,1.4901161193847656e-08
n285,1,1.4901161193847656e-08
n286,0,1.4901161193847656e-08
n290,0,2.9802322387695312e-08
n291,1,2.9802322387695312e-08
n292,1,2.9802322387695312e-08
n293,0,2.9802322387695312e-08
n294,1,2.9802322387695312e-08
n295,0,2.9802322387695312e-08
n296,1,2.9802322387695312e-08
n297,0,2.9802322387695312e-08
n298,1,2.9802322387695312e-08
n299,1,2.9802322387695312e-08
n300,0,2.9802322387695312e-08
n301,1,2.9802322387695312e-08
n302,0,2.9802322387695312e-08
n312,0,2.9802322387695312e-08
n313,1,2.9802322387695312e-08
n314,1,2.9802322387695312e-08
n315,0,2.9802322387695312e-08
n316,1,2.9802322387695312e-08
n317,0,2.9802322387695312e-08
n326,0,2.9802322387695312e-08
n332,0,2.9802322387695312e-08
n336,0,2.9802322387695312e-08
n337,0,2.9802322387695312e-08
n338,1,2.9802322387695312e-08
n341,0,2.9802322387695312e-08
n344,0,2.9802322387695312e-08
n347,0,2.9802322387695312e-08
n350,0,2.9802322387695312e-08
n351,1,2.9802322387695312e-08
n352,1,2.9802322387695312e-08
n353,0,2.9802322387695312e-08
n356,0,2.9802322387695312e-08
n357,0,2.9802322387695312e-08
n358,1,2.9802322387695312e-08
n359,0,2.9802322387695312e-08
n363,1,5.960464477539063e-08
n364,0,5.960464477539063e-08
n365,0,5.960464477539063e-08
n366,0,5.960464477539063e-08
n367,1,5.960464477539063e-08
n368,1,5.960464477539063e-08
n369,1,5.960464477539063e-08
n376,0,5.960464477539063e-08
n379,0,5.960464477539063e-08
n380,1,5.960464477539063e-08
n381,1,5.960464477539063e-08
n382,0,5.960464477539063e-08
n383,1,5.960464477539063e-08
n384,0,5.960464477539063e-08
n393,0,5.960464477539063e-08
n394,1,5.960464477539063e-08
n395,1,5.960464477539063e-08
n396,0,5.960464477539063e-08
n397,1,5.960464477539063e-08
n398,0,5.960464477539063e-08
n407,0,5.960464477539063e-08
n413,0,5.960464477539063e-08
n417,0,5.960464477539063e-08
n418,0,5.960464477539063e-08
n419,1,5.960464477539063e-08
n422,0,5.960464477539063e-08
n425,0,5.960464477539063e-08
n428,0,5.960464477539063e-08
n431,0,5.960464477539063e-08
n434,0,5.960464477539063e-08
n435,0,5.960464477539063e-08
n436,1,5.960464477539063e-08
n437,0,5.960464477539063e-08
n440,0,5.960464477539063e-08
n441,0,5.960464477539063e-08
n442,0,5.960464477539063e-08
n444,1,1.1920928955078125e-07
n445,0,1.1920928955078125e-07
n446,0,1.1920928955078125e-07
n447,0,1.1920928955078125e-07
n448,0,1.1920928955078125e-07
n449,0,1.1920928955078125e-07
n450,0,1.1920928955078125e-07
n451,1,1.1920928955078125e-07
n452,1,1.1920928955078125e-07
n453,1,1.1920928955078125e-07
n454,1,1.1920928955078125e-07
n455,1,1.1920928955078125e-07
n456,0,1.1920928955078125e-07
n457,1,1.1920928955078125e-07
n458,0,1.1920928955078125e-07
n471,0,1.1920928955078125e-07
n472,1,1.1920928955078125e-07
n473,1,1.1920928955078125e-07
n474,0,1.1920928955078125e-07
n475,1,1.1920928955078125e-07
n476,0,1.1920928955078125e-07
n485,0,1.1920928955078125e-07
n486,1,1.1920928955078125e-07
n487,1,1.1920928955078125e-07
n488,0,1.1920928955078125e-07
n489,1,1.1920928955078125e-07
n490,0,1.1920928955078125e-07
n499,0,1.1920928955078125e-07
n505,0,1.1920928955078125e-07
n509,0,1.1920928955078125e-07
n510,0,1.1920928955078125e-07
n511,1,1.1920928955078125e-07
n514,0,1.1920928955078125e-07
n517,0,1.1920928955078125e-07
n520,0,1.1920928955078125e-07
n523,0,1.1920928955078125e-07
n526,0,1.1920928955078125e-07
n529,0,1.1920928955078125e-07
n530,0,1.1920928955078125e-07
n531,1,1.1920928955078125e-07
n532,0,1.1920928955078125e-07
n536,1,2.384185791015625e-07
n537,0,2.384185791015625e-07
n538,0,2.384185791015625e-07
n539,0,2.384185791015625e-07
n540,0,2.384185791015625e-07
n541,0,2.384185791015625e-07
n542,0,2.384185791015625e-07
n543,0,2.384185791015625e-07
n544,0,2.384185791015625e-07
n545,0,2.384185791015625e-07
n546,1,2.384185791015625e-07
n547,0,2.384185791015625e-07
n548,1,2.384185791015625e-07
n549,0,2.384185791015625e-07
n550,1,2.384185791015625e-07
n551,0,2.384185791015625e-07
n552,1,2.384185791015625e-07
n553,1,2.384185791015625e-07
n554,0,2.384185791015625e-07
n555,1,2.384185791015625e-07
n556,0,2.384185791015625e-07
n563,0,2.384185791015625e-07
n566,1,2.384185791015625e-07
n572,0,2.384185791015625e-07
n575,0,2.384185791015625e-07
n576,1,2.384185791015625e-07
n577,1,2.384185791015625e-07
n578,0,2.384185791015625e-07
n579,1,2.384185791015625e-07
n580,0,2.384185791015625e-07
n589,0,2.384185791015625e-07
n590,1,2.384185791015625e-07
n591,1,2.384185791015625e-07
n592,0,2.384185791015625e-07
n593,1,2.384185791015625e-07
n594,0,2.384185791015625e-07
n603,0,2.384185791015625e-07
n609,0,2.384185791015625e-07
n613,0,2.384185791015625e-07
n614,0,2.384185791015625e-07
n615,1,2.384185791015625e-07
n618,0,2.384185791015625e-07
n621,0,2.384185791015625e-07
n624,0,2.384185791015625e-07
n627,0,2.384185791015625e-07
n630,0,2.384185791015625e-07
n631,1,2.384185791015625e-07
n632,1,2.384185791015625e-07
n633,0,2.384185791015625e-07
n636,0,2.384185791015625e-07
n637,0,2.384185791015625e-07
n638,0,2.384185791015625e-07
n640,1,4.76837158203125e-07
n641,0,4.76837158203125e-07
n642,0,4.76837158203125e-07
n643,0,4.76837158203125e-07
n644,0,4.76837158203125e-07
n645,0,4.76837158203125e-07
n646,0,4.76837158203125e-07
n647,0,4.76837158203125e-07
n648,0,4.76837158203125e-07
n649,0,4.76837158203125e-07
n650,0,4.76837158203125e-07
n651,0,4.76837158203125e-07
n652,0,4.76837158203125e-07
n653,1,4.76837158203125e-07
n654,1,4.76837158203125e-07
n655,1,4.76837158203125e-07
n656,1,4.76837158203125e-07
n657,0,4.76837158203125e-07
n658,0,4.76837158203125e-07
n659,0,4.76837158203125e-07
n660,1,4.76837158203125e-07
n661,1,4.76837158203125e-07
n662,0,4.76837158203125e-07
n663,1,4.76837158203125e-07
n664,0,4.76837158203125e-07
n677,0,4.76837158203125e-07
n683,0,4.76837158203125e-07
n686,0,4.76837158203125e-07
n687,1,4.76837158203125e-07
n688,1,4.76837158203125e-07
n689,0,4.76837158203125e-07
n690,1,4.76837158203125e-07
n691,0,4.76837158203125e-07
n700,0,4.76837158203125e-07
n701,1,4.76837158203125e-07
n702,1,4.76837158203125e-07
n703,0,4.76837158203125e-07
n704,1,4.76837158203125e-07
n705,0,4.76837158203125e-07
n714,0,4.76837158203125e-07
n720,0,4.76837158203125e-07
n724,0,4.76837158203125e-07
n725,0,4.76837158203125e-07
n726,1,4.76837158203125e-07
n729,0,4.76837158203125e-07
n732,0,4.76837158203125e-07
n735,0,4.76837158203125e-07
n738,0,4.76837158203125e-07
n741,0,4.76837158203125e-07
n744,0,4.76837158203125e-07
n745,0,4.76837158203125e-07
n746,1,4.76837158203125e-07
n747,0,4.76837158203125e-07
n751,1,9.5367431640625e-07
n752,0,9.5367431640625e-07
n753,0,9.5367431640625e-07
n754,0,9.5367431640625e-07
n755,0,9.5367431640625e-07
n756,0,9.5367431640625e-07
n757,0,9.5367431640625e-07
n758,0,9.5367431640625e-07
n759,0,9.5367431640625e-07
n760,0,9.5367431640625e-07
n761,0,9.5367431640625e-07
n762,0,9.5367431640625e-07
n763,0,9.5367431640625e-07
n764,0,9.5367431640625e-07
n765,0,9.5367431640625e-07
n766,0,9.5367431640625e-07
n767,1,9.5367431640625e-07
n768,1,9.5367431640625e-07
n769,1,9.5367431640625e-07
n770,0,9.5367431640625e-07
n771,1,9.5367431640625e-07
n772,0,9.5367431640625e-07
n773,1,9.5367431640625e-07
n776,0,9.5367431640625e-07
n777,1,9.5367431640625e-07
n778,1,9.5367431640625e-07
n779,0,9.5367431640625e-07
n780,1,9.5367431640625e-07
n781,0,9.5367431640625e-07
n791,0,9.5367431640625e-07
n797,0,9.5367431640625e-07
n806,0,9.5367431640625e-07
n809,0,9.5367431640625e-07
n810,1,9.5367431640625e-07
n811,1,9.5367431640625e-07
n812,0,9.5367431640625e-07
n813,1,9.5367431640625e-07
n814,0,9.5367431640625e-07
n823,0,9.5367431640625e-07
n824,1,9.5367431640625e-07
n825,1,9.5367431640625e-07
n826,0,9.5367431640625e-07
n827,1,9.5367431640625e-07
n828,0,9.5367431640625e-07
n837,0,9.5367431640625e-07
n843,0,9.5367431640625e-07
n847,0,9.5367431640625e-07
n848,0,9.5367431640625e-07
n849,1,9.5367431640625e-07
n852,0,9.5367431640625e-07
n855,0,9.5367431640625e-07
n858,0,9.5367431640625e-07
n861,0,9.5367431640625e-07
n864,0,9.5367431640625e-07
n867,0,9.5367431640625e-07
n868,0,9.5367431640625e-07
n869,1,9.5367431640625e-07
n870,0,9.5367431640625e-07
n874,1,1.9073486328125e-06
n875,0,1.9073486328125e-06
n876,0,1.9073486328125e-06
n877,0,1.9073486328125e-06
n878,0,1.9073486328125e-06
n879,0,1.9073486328125e-06
n880,0,1.9073486328125e-06
n881,0,1.9073486328125e-06
n882,0,1.9073486328125e-06
n883,0,1.9073486328125e-06
n884,0,1.9073486328125e-06
n885,0,1.9073486328125e-06
n886,0,1.9073486328125e-06
n887,0,1.9073486328125e-06
n888,0,1.9073486328125e-06
n889,0,1.9073486328125e-06
n890,0,1.9073486328125e-06
n891,0,1.9073486328125e-06
n892,0,1.9073486328125e-06
n893,1,1.9073486328125e-06
n894,1,1.9073486328125e-06
n895,1,1.9073486328125e-06
n896,1,1.9073486328125e-06
n897,0,1.9073486328125e-06
n898,1,1.9073486328125e-06
n899,0,1.9073486328125e-06
n903,1,1.9073486328125e-06
n904,1,1.9073486328125e-06
n905,0,1.9073486328125e-06
n906,1,1.9073486328125e-06
n907,0,1.9073486328125e-06
n908,1,1.9073486328125e-06
n909,1,1.9073486328125e-06
n910,0,1.9073486328125e-06
n911,1,1.9073486328125e-06
n912,0,1.9073486328125e-06
n925,0,1.9073486328125e-06
n931,0,1.9073486328125e-06
n940,0,1.9073486328125e-06
n943,0,1.9073486328125e-06
n944,1,1.9073486328125e-06
n945,1,1.9073486328125e-06
n946,0,1.9073486328125e-06
n947,1,1.9073486328125e-06
n948,0,1.9073486328125e-06
n957,0,1.9073486328125e-06
n958,1,1.9073486328125e-06
n959,1,1.9073486328125e-06
n960,0,1.9073486328125e-06
n961,1,1.9073486328125e-06
n962,0,1.9073486328125e-06
n971,0,1.9073486328125e-06
n977,0,1.9073486328125e-06
n981,0,1.9073486328125e-06
n982,0,1.9073486328125e-06
n983,1,1.9073486328125e-06
n986,0,1.9073486328125e-06
n989,0,1.9073486328125e-06
n992,0,1.9073486328125e-06
n995,0,1.9073486328125e-06
n998,0,1.9073486328125e-06
n1001,0,1.9073486328125e-06
n1004,0,1.9073486328125e-06
n1005,0,1.9073486328125e-06
n1006,0,1.9073486328125e-06
n1008,1,3.814697265625e-06
n1009,0,3.814697265625e-06
n1010,0,3.814697265625e-06
n1011,0,3.814697265625e-06
n1012,0,3.814697265625e-06
n1013,0,3.814697265625e-06
n1014,0,3.814697265625e-06
n1015,0,3.814697265625e-06
n1016,0,3.814697265625e-06
n1017,0,3.814697265625e-06
n1018,0,3.814697265625e-06
n1019,0,3.814697265625e-06
n1020,0,3.814697265625e-06
n1021,0,3.814697265625e-06
n1022,0,3.814697265625e-06
n1023,0,3.814697265625e-06
n1024,0,3.814697265625e-06
n1025,0,3.814697265625e-06
n1026,0,3.814697265625e-06
n1027,0,3.814697265625e-06
n1028,0,3.814697265625e-06
n1029,0,3.814697265625e-06
n1030,0,3.814697265625e-06
n1031,1,3.814697265625e-06
n1032,0,3.814697265625e-06
n1033,1,3.814697265625e-06
n1034,0,3.814697265625e-06
n1035,1,3.814697265625e-06
n1036,1,3.814697265625e-06
n1037,0,3.814697265625e-06
n1038,1,3.814697265625e-06
n1039,0,3.814697265625e-06
n1046,0,3.814697265625e-06
n1049,0,3.814697265625e-06
n1050,1,3.814697265625e-06
n1051,1,3.814697265625e-06
n1052,0,3.814697265625e-06
n1053,1,3.814697265625e-06
n1054,0,3.814697265625e-06
n1057,0,3.814697265625e-06
n1058,1,3.814697265625e-06
n1059,1,3.814697265625e-06
n1060,0,3.814697265625e-06
n1061,1,3.814697265625e-06
n1062,0,3.814697265625e-06
n1071,0,3.814697265625e-06
n1077,0,3.814697265625e-06
n1086,0,3.814697265625e-06
n1089,0,3.814697265625e-06
n1090,1,3.814697265625e-06
n1091,1,3.814697265625e-06
n1092,0,3.814697265625e-06
n1093,1,3.814697265625e-06
n1094,0,3.814697265625e-06
n1103,0,3.814697265625e-06
n1104,1,3.814697265625e-06
n1105,1,3.814697265625e-06
n1106,0,3.814697265625e-06
n1107,1,3.814697265625e-06
n1108,0,3.814697265625e-06
n1117,0,3.814697265625e-06
n1123,0,3.814697265625e-06
n1127,0,3.814697265625e-06
n1128,0,3.814697265625e-06
n1129,1,3.814697265625e-06
n1132,0,3.814697265625e-06
n1135,0,3.814697265625e-06
n1138,0,3.814697265625e-06
n1141,0,3.814697265625e-06
n1144,0,3.814697265625e-06
n1147,0,3.814697265625e-06
n1148,1,3.814697265625e-06
n1149,1,3.814697265625e-06
n1150,0,3.814697265625e-06
n1154,1,7.62939453125e-06
n1155,0,7.62939453125e-06
n1156,0,7.62939453125e-06
n1157,0,7.62939453125e-06
n1158,0,7.62939453125e-06
n1159,0,7.62939453125e-06
n1160,0,7.62939453125e-06
n1161,0,7.62939453125e-06
n1162,0,7.62939453125e-06
n1163,0,7.62939453125e-06
n1164,0,7.62939453125e-06
n1165,0,7.62939453125e-06
n1166,0,7.62939453125e-06
n1167,0,7.62939453125e-06
n1168,0,7.62939453125e-06
n1169,0,7.62939453125e-06
n1170,0,7.62939453125e-06
n1171,0,7.62939453125e-06
n1172,0,7.62939453125e-06
n1173,0,7.62939453125e-06
n1174,0,7.62939453125e-06
n1175,0,7.62939453125e-06
n1176,0,7.62939453125e-06
n1177,0,7.62939453125e-06
n1178,0,7.62939453125e-06
n1179,1,7.62939453125e-06
n1180,1,7.62939453125e-06
n1181,1,7.62939453125e-06
n1182,1,7.62939453125e-06
n1183,0,7.62939453125e-06
n1184,1,7.62939453125e-06
n1185,0,7.62939453125e-06
n1189,1,7.62939453125e-06
n1199,0,7.62939453125e-06
n1203,1,7.62939453125e-06
n1204,1,7.62939453125e-06
n1205,0,7.62939453125e-06
n1206,1,7.62939453125e-06
n1207,0,7.62939453125e-06
n1210,0,7.62939453125e-06
n1211,1,7.62939453125e-06
n1212,1,7.62939453125e-06
n1213,0,7.62939453125e-06
n1214,1,7.62939453125e-06
n1215,0,7.62939453125e-06
n1224,0,7.62939453125e-06
n1230,0,7.62939453125e-06
n1239,0,7.62939453125e-06
n1242,0,7.62939453125e-06
n1243,1,7.62939453125e-06
n1244,1,7.62939453125e-06
n1245,0,7.62939453125e-06
n1246,1,7.62939453125e-06
n1247,0,7.62939453125e-06
n1256,0,7.62939453125e-06
n1257,1,7.62939453125e-06
n1258,1,7.62939453125e-06
n1259,0,7.62939453125e-06
n1260,1,7.62939453125e-06
n1261,0,7.62939453125e-06
n1270,0,7.62939453125e-06
n1276,0,7.62939453125e-06
n1280,0,7.62939453125e-06
n1281,0,7.62939453125e-06
n1282,1,7.62939453125e-06
n1285,0,7.62939453125e-06
n1288,0,7.62939453125e-06
n1291,0,7.62939453125e-06
n1294,0,7.62939453125e-06
n1297,0,7.62939453125e-06
n1300,0,7.62939453125e-06
n1303,0,7.62939453125e-06
n1304,0,7.62939453125e-06
n1305,0,7.62939453125e-06
n1307,1,1.52587890625e-05
n1308,0,1.52587890625e-05
n1309,0,1.52587890625e-05
n1310,0,1.52587890625e-05
n1311,0,1.52587890625e-05
n1312,0,1.52587890625e-05
n1313,0,1.52587890625e-05
n1314,0,1.52587890625e-05
n1315,0,1.52587890625e-05
n1316,0,1.52587890625e-05
n1317,0,1.52587890625e-05
n1318,0,1.52587890625e-05
n1319,0,1.52587890625e-05
n1320,0,1.52587890625e-05
n1321,0,1.52587890625e-05
n1322,0,1.52587890625e-05
n1323,0,1.52587890625e-05
n1324,0,1.52587890625e-05
n1325,0,1.52587890625e-05
n1326,0,1.52587890625e-05
n1327,0,1.52587890625e-05
n1328,0,1.52587890625e-05
n1329,0,1.52587890625e-05
n1330,0,1.52587890625e-05
n1331,0,1.52587890625e-05
n1332,0,1.52587890625e-05
n1333,0,1.52587890625e-05
n1334,0,1.52587890625e-05
n1335,1,1.52587890625e-05
n1336,1,1.52587890625e-05
n1337,0,1.52587890625e-05
n1338,1,1.52587890625e-05
n1339,0,1.52587890625e-05
n1340,1,1.52587890625e-05
n1341,1,1.52587890625e-05
n1342,0,1.52587890625e-05
n1343,1,1.52587890625e-05
n1344,0,1.52587890625e-05
n1345,1,1.52587890625e-05
n1346,1,1.52587890625e-05
n1347,0,1.52587890625e-05
n1348,1,1.52587890625e-05
n1349,0,1.52587890625e-05
n1353,1,1.52587890625e-05
n1359,0,1.52587890625e-05
n1362,0,1.52587890625e-05
n1363,1,1.52587890625e-05
n1364,1,1.52587890625e-05
n1365,0,1.52587890625e-05
n1366,1,1.52587890625e-05
n1367,0,1.52587890625e-05
n1370,0,1.52587890625e-05
n1371,1,1.52587890625e-05
n1372,1,1.52587890625e-05
n1373,0,1.52587890625e-05
n1374,1,1.52587890625e-05
n1375,0,1.52587890625e-05
n1384,0,1.52587890625e-05
n1390,0,1.52587890625e-05
n1399,0,1.52587890625e-05
n1402,0,1.52587890625e-05
n1403,1,1.52587890625e-05
n1404,1,1.52587890625e-05
n1405,0,1.52587890625e-05
n1406,1,1.52587890625e-05
n1407,0,1.52587890625e-05
n1416,0,1.52587890625e-05
n1417,1,1.52587890625e-05
n1418,1,1.52587890625e-05
n1419,0,1.52587890625e-05
n1420,1,1.52587890625e-05
n1421,0,1.52587890625e-05
n1430,0,1.52587890625e-05
n1436,0,1.52587890625e-05
n1440,0,1.52587890625e-05
n1443,0,1.52587890625e-05
n1446,0,1.52587890625e-05
n1449,0,1.52587890625e-05
n1452,0,1.52587890625e-05
n1455,0,1.52587890625e-05
n1458,0,1.52587890625e-05
n1461,0,1.52587890625e-05
n1462,0,1.52587890625e-05
n1463,0,1.52587890625e-05
n1465,1,3.0517578125e-05
n1466,0,3.0517578125e-05
n1467,0,3.0517578125e-05
n1468,0,3.0517578125e-05
n1469,0,3.0517578125e-05
n1470,0,3.0517578125e-05
n1471,0,3.0517578125e-05
n1472,0,3.0517578125e-05
n1473,0,3.0517578125e-05
n1474,0,3.0517578125e-05
n1475,0,3.0517578125e-05
n1476,0,3.0517578125e-05
n1477,0,3.0517578125e-05
n1478,0,3.0517578125e-05
n1479,0,3.0517578125e-05
n1480,0,3.0517578125e-05
n1481,0,3.0517578125e-05
n1482,0,3.0517578125e-05
n1483,0,3.0517578125e-05
n1484,0,3.0517578125e-05
n1485,0,3.0517578125e-05
n1486,0,3.0517578125e-05
n1487,0,3.0517578125e-05
n1488,0,3.0517578125e-05
n1489,0,3.0517578125e-05
n1490,0,3.0517578125e-05
n1491,0,3.0517578125e-05
n1492,0,3.0517578125e-05
n1493,0,3.0517578125e-05
n1494,0,3.0517578125e-05
n1495,0,3.0517578125e-05
n1496,1,3.0517578125e-05
n1497,1,3.0517578125e-05
n1498,0,3.0517578125e-05
n1499,1,3.0517578125e-05
n1500,0,3.0517578125e-05
n1502,1,3.0517578125e-05
n1503,1,3.0517578125e-05
n1504,0,3.0517578125e-05
n1505,1,3.0517578125e-05
n1506,0,3.0517578125e-05
n1510,1,3.0517578125e-05
n1511,1,3.0517578125e-05
n1517,0,3.0517578125e-05
n1519,0,6.103515625e-05
n1520,0,3.0517578125e-05
n1524,1,3.0517578125e-05
n1525,1,3.0517578125e-05
n1526,0,3.0517578125e-05
n1527,1,3.0517578125e-05
n1528,0,3.0517578125e-05
n1531,0,3.0517578125e-05
n1532,1,3.0517578125e-05
n1533,1,3.0517578125e-05
n1534,0,3.0517578125e-05
n1535,1,3.0517578125e-05
n1536,0,3.0517578125e-05
n1545,0,3.0517578125e-05
n1551,0,3.0517578125e-05
n1560,0,3.0517578125e-05
n1563,0,3.0517578125e-05
n1564,1,3.0517578125e-05
n1565,1,3.0517578125e-05
n1566,0,3.0517578125e-05
n1567,1,3.0517578125e-05
n1568,0,3.0517578125e-05
n1577,0,3.0517578125e-05
n1578,1,3.0517578125e-05
n1579,1,3.0517578125e-05
n1580,0,3.0517578125e-05
n1581,1,3.0517578125e-05
n1582,0,3.0517578125e-05
n1591,0,3.0517578125e-05
n1597,0,3.0517578125e-05
n1615,0,3.0517578125e-05
n1618,0,3.0517578125e-05
n1619,0,3.0517578125e-05
n1620,0,3.0517578125e-05
n1622,1,6.103515625e-05
n1623,0,6.103515625e-05
n1624,0,6.103515625e-05
n1625,0,6.103515625e-05
n1626,0,6.103515625e-05
n1627,0,6.103515625e-05
n1628,0,6.103515625e-05
n1629,0,6.103515625e-05
n1630,0,6.103515625e-05
n1631,0,6.103515625e-05
n1632,0,6.103515625e-05
n1633,0,6.103515625e-05
n1634,0,6.103515625e-05
n1635,0,6.103515625e-05
n1636,0,6.103515625e-05
n1637,0,6.103515625e-05
n1638,0,6.103515625e-05
n1639,0,6.103515625e-05
n1640,0,6.103515625e-05
n1641,0,6.103515625e-05
n1642,0,6.103515625e-05
n1643,0,6.103515625e-05
n1644,0,6.103515625e-05
n1645,0,6.103515625e-05
n1646,0,6.103515625e-05
n1647,0,6.103515625e-05
n1648,0,6.103515625e-05
n1649,0,6.103515625e-05
n1650,0,6.103515625e-05
n1651,0,6.103515625e-05
n1652,0,6.103515625e-05
n1653,0,6.103515625e-05
n1654,0,6.103515625e-05
n1655,0,6.103515625e-05
n1661,1,6.103515625e-05
n1662,1,6.103515625e-05
n1663,0,6.103515625e-05
n1664,1,6.103515625e-05
n1665,0,6.103515625e-05
n1674,0,6.103515625e-05
n1675,0,6.103515625e-05
n1676,1,6.103515625e-05
n1682,0,6.103515625e-05
n1689,1,6.103515625e-05
n1690,1,6.103515625e-05
n1691,0,6.103515625e-05
n1692,1,6.103515625e-05
n1693,0,6.103515625e-05
n1697,1,6.103515625e-05
n1698,1,6.103515625e-05
n1699,0,6.103515625e-05
n1700,1,6.103515625e-05
n1701,0,6.103515625e-05
n1710,0,6.103515625e-05
n1716,0,6.103515625e-05
n1725,0,6.103515625e-05
n1728,0,6.103515625e-05
n1742,0,6.103515625e-05
n1743,1,6.103515625e-05
n1744,1,6.103515625e-05
n1745,0,6.103515625e-05
n1746,1,6.103515625e-05
n1747,0,6.103515625e-05
n1756,0,6.103515625e-05
n1760,0,6.103515625e-05
n1763,1,6.103515625e-05
n1764,1,6.103515625e-05
n1765,1,6.103515625e-05
n1766,0,6.103515625e-05
n1779,0,6.103515625e-05
n1780,0,6.103515625e-05
n1783,0,0.0001220703125
n1784,0,0.0001220703125
n1785,0,0.0001220703125
n1786,0,0.0001220703125
n1787,0,0.0001220703125
n1788,0,0.0001220703125
n1789,0,0.0001220703125
n1790,0,0.0001220703125
n1791,0,0.0001220703125
n1792,0,0.0001220703125
n1793,0,0.0001220703125
n1794,0,0.0001220703125
n1795,0,0.0001220703125
n1796,0,0.0001220703125
n1797,0,0.0001220703125
n1798,0,0.0001220703125
n1799,0,0.0001220703125
n1800,0,0.0001220703125
n1801,0,0.0001220703125
n1802,0,0.0001220703125
n1803,0,0.0001220703125
n1804,0,0.0001220703125
n1805,0,0.0001220703125
n1806,0,0.0001220703125
n1807,0,0.0001220703125
n1808,0,0.0001220703125
n1809,0,0.0001220703125
n1810,0,0.0001220703125
n1811,0,0.0001220703125
n1812,0,0.0001220703125
n1813,0,0.0001220703125
n1814,0,0.0001220703125
n1815,0,0.0001220703125
n1816,0,0.0001220703125
n1817,0,0.0001220703125
n1818,0,0.0001220703125
n1824,1,0.0001220703125
n1825,1,0.0001220703125
n1826,0,0.0001220703125
n1827,1,0.0001220703125
n1828,0,0.0001220703125
n1838,1,0.0001220703125
n1844,0,0.0001220703125
n1851,1,0.0001220703125
n1852,1,0.0001220703125
n1853,0,0.0001220703125
n1854,1,0.0001220703125
n1855,0,0.0001220703125
n1872,0,0.0001220703125
n1878,0,0.0001220703125
n1887,0,0.0001220703125
n1890,0,0.0001220703125
n1891,1,0.0001220703125
n1892,1,0.0001220703125
n1893,0,0.0001220703125
n1894,1,0.0001220703125
n1895,0,0.0001220703125
n1904,0,0.0001220703125
n1905,0,0.0001220703125
n1906,0,0.0001220703125
n1907,0,0.0001220703125
n1916,0,0.0001220703125
n1919,0,0.0001220703125
n1920,1,0.0001220703125
n1921,1,0.0001220703125
n1922,0,0.0001220703125
n1925,0,0.0001220703125
n1935,0,0.0001220703125
n1936,0,0.0001220703125
n1939,0,0.000244140625
n1940,0,0.000244140625
n1941,0,0.000244140625
n1942,0,0.000244140625
n1943,0,0.000244140625
n1944,0,0.000244140625
n1945,0,0.000244140625
n1946,0,0.000244140625
n1947,0,0.000244140625
n1948,0,0.000244140625
n1949,0,0.000244140625
n1950,0,0.000244140625
n1951,0,0.000244140625
n1952,0,0.000244140625
n1953,0,0.000244140625
n1954,0,0.000244140625
n1955,0,0.000244140625
n1956,0,0.000244140625
n1957,0,0.000244140625
n1958,0,0.000244140625
n1959,0,0.000244140625
n1960,0,0.000244140625
n1961,0,0.000244140625
n1962,0,0.000244140625
n1963,0,0.000244140625
n1964,0,0.000244140625
n1965,0,0.000244140625
n1966,0,0.000244140625
n1967,0,0.000244140625
n1968,0,0.000244140625
n1969,0,0.000244140625
n1970,0,0.000244140625
n1971,0,0.000244140625
n1972,0,0.000244140625
n1973,0,0.000244140625
n1974,0,0.000244140625
n1975,0,0.000244140625
n1976,0,0.000244140625
n1977,0,0.000244140625
n1997,1,0.000244140625
n2003,0,0.000244140625
n2010,1,0.000244140625
n2011,1,0.000244140625
n2012,0,0.000244140625
n2013,1,0.000244140625
n2014,0,0.000244140625
n2018,1,0.000244140625
n2019,1,0.000244140625
n2020,0,0.000244140625
n2021,1,0.000244140625
n2022,0,0.000244140625
n2031,0,0.000244140625
n2037,0,0.000244140625
n2046,0,0.000244140625
n2049,0,0.000244140625
n2050,1,0.000244140625
n2051,1,0.000244140625
n2052,0,0.000244140625
n2053,1,0.000244140625
n2054,0,0.000244140625
n2063,0,0.000244140625
n2071,0,0.000244140625
n2074,0,0.000244140625
n2077,0,0.000244140625
n2087,0,0.000244140625
n2088,0,0.000244140625
n2091,0,0.00048828125
n2092,0,0.00048828125
n2093,0,0.00048828125
n2094,0,0.00048828125
n2095,0,0.00048828125
n2096,0,0.00048828125
n2097,0,0.00048828125
n2098,0,0.00048828125
n2099,0,0.00048828125
n2100,0,0.00048828125
n2101,0,0.00048828125
n2102,0,0.00048828125
n2103,0,0.00048828125
n2104,0,0.00048828125
n2105,0,0.00048828125
n2106,0,0.00048828125
n2107,0,0.00048828125
n2108,0,0.00048828125
n2109,0,0.00048828125
n2110,0,0.00048828125
n2111,0,0.00048828125
n2112,0,0.00048828125
n2113,0,0.00048828125
n2114,0,0.00048828125
n2115,0,0.00048828125
n2116,0,0.00048828125
n2117,0,0.00048828125
n2118,0,0.00048828125
n2119,0,0.00048828125
n2120,0,0.00048828125
n2121,0,0.00048828125
n2122,0,0.00048828125
n2123,0,0.00048828125
n2124,0,0.00048828125
n2125,0,0.00048828125
n2126,0,0.00048828125
n2127,0,0.00048828125
n2128,0,0.00048828125
n2129,0,0.00048828125
n2130,0,0.00048828125
n2131,0,0.00048828125
n2132,0,0.00048828125
n2152,1,0.00048828125
n2158,0,0.00048828125
n2165,1,0.00048828125
n2166,1,0.00048828125
n2167,0,0.00048828125
n2168,1,0.00048828125
n2169,0,0.00048828125
n2173,1,0.00048828125
n2174,1,0.00048828125
n2175,0,0.00048828125
n2176,1,0.00048828125
n2177,0,0.00048828125
n2186,0,0.00048828125
n2192,0,0.00048828125
n2201,0,0.00048828125
n2204,0,0.00048828125
n2218,0,0.00048828125
n2227,0,0.00048828125
n2237,0,0.00048828125
n2238,0,0.00048828125
n2241,0,0.0009765625
n2242,0,0.0009765625
n2243,0,0.0009765625
n2244,0,0.0009765625
n2245,0,0.0009765625
n2246,0,0.0009765625
n2247,0,0.0009765625
n2248,0,0.0009765625
n2249,0,0.0009765625
n2250,0,0.0009765625
n2251,0,0.0009765625
n2252,0,0.0009765625
n2253,0,0.0009765625
n2254,0,0.0009765625
n2255,0,0.0009765625
n2256,0,0.0009765625
n2257,0,0.0009765625
n2258,0,0.0009765625
n2259,0,0.0009765625
n2260,0,0.0009765625
n2261,0,0.0009765625
n2262,0,0.0009765625
n2263,0,0.0009765625
n2264,0,0.0009765625
n2265,0,0.0009765625
n2266,0,0.0009765625
n2267,0,0.0009765625
n2268,0,0.0009765625
n2269,0,0.0009765625
n2270,0,0.0009765625
n2271,0,0.0009765625
n2272,0,0.0009765625
n2273,0,0.0009765625
n2274,0,0.0009765625
n2275,0,0.0009765625
n2276,0,0.0009765625
n2277,0,0.0009765625
n2278,0,0.0009765625
n2279,0,0.0009765625
n2280,0,0.0009765625
n2281,0,0.0009765625
n2282,0,0.0009765625
n2283,0,0.0009765625
n2284,0,0.0009765625
n2285,0,0.0009765625
n2305,1,0.0009765625
n2311,0,0.0009765625
n2318,1,0.0009765625
n2319,1,0.0009765625
n2320,0,0.0009765625
n2321,1,0.0009765625
n2322,0,0.0009765625
n2339,0,0.0009765625
n2345,0,0.0009765625
n2354,0,0.0009765625
n2357,0,0.0009765625
n2369,0,0.0009765625
n2382,0,0.0009765625
n2383,0,0.0009765625
n2386,0,0.001953125
n2387,0,0.001953125
n2388,0,0.001953125
n2389,0,0.001953125
n2390,0,0.001953125
n2391,0,0.001953125
n2392,0,0.001953125
n2393,0,0.001953125
n2394,0,0.001953125
n2395,0,0.001953125
n2396,0,0.001953125
n2397,0,0.001953125
n2398,0,0.001953125
n2399,0,0.001953125
n2400,0,0.001953125
n2401,0,0.001953125
n2402,0,0.001953125
n2403,0,0.001953125
n2404,0,0.001953125
n2405,0,0.001953125
n2406,0,0.001953125
n2407,0,0.001953125
n2408,0,0.001953125
n2409,0,0.001953125
n2410,0,0.001953125
n2411,0,0.001953125
n2412,0,0.001953125
n2413,0,0.001953125
n2414,0,0.001953125
n2415,0,0.001953125
n2416,0,0.001953125
n2417,0,0.001953125
n2418,0,0.001953125
n2419,0,0.001953125
n2420,0,0.001953125
n2421,0,0.001953125
n2422,0,0.001953125
n2423,0,0.001953125
n2424,0,0.001953125
n2425,0,0.001953125
n2426,0,0.001953125
n2427,0,0.001953125
n2428,0,0.001953125
n2429,0,0.001953125
n2430,0,0.001953125
n2431,0,0.001953125
n2432,0,0.001953125
n2433,0,0.001953125
n2453,1,0.001953125
n2459,0,0.001953125
n2466,1,0.001953125
n2467,1,0.001953125
n2468,0,0.001953125
n2469,1,0.001953125
n2470,0,0.001953125
n2487,0,0.001953125
n2493,0,0.001953125
n2502,0,0.001953125
n2505,0,0.001953125
n2521,0,0.001953125
n2522,0,0.001953125
n2525,0,0.00390625
n2526,0,0.00390625
n2527,0,0.00390625
n2528,0,0.00390625
n2529,0,0.00390625
n2530,0,0.00390625
n2531,0,0.00390625
n2532,0,0.00390625
n2533,0,0.00390625
n2534,0,0.00390625
n2535,0,0.00390625
n2536,0,0.00390625
n2537,0,0.00390625
n2538,0,0.00390625
n2539,0,0.00390625
n2540,0,0.00390625
n2541,0,0.00390625
n2542,0,0.00390625
n2543,0,0.00390625
n2544,0,0.00390625
n2545,0,0.00390625
n2546,0,0.00390625
n2547,0,0.00390625
n2548,0,0.00390625
n2549,0,0.00390625
n2550,0,0.00390625
n2551,0,0.00390625
n2552,0,0.00390625
n2553,0,0.00390625
n2554,0,0.00390625
n2555,0,0.00390625
n2556,0,0.00390625
n2557,0,0.00390625
n2558,0,0.00390625
n2559,0,0.00390625
n2560,0,0.00390625
n2561,0,0.00390625
n2562,0,0.00390625
n2563,0,0.00390625
n2564,0,0.00390625
n2565,0,0.00390625
n2566,0,0.00390625
n2567,0,0.00390625
n2568,0,0.00390625
n2569,0,0.00390625
n2570,0,0.00390625
n2571,0,0.00390625
n2572,0,0.00390625
n2573,0,0.00390625
n2574,0,0.00390625
n2575,0,0.00390625
n2595,1,0.00390625
n2601,0,0.00390625
n2608,1,0.00390625
n2609,1,0.00390625
n2610,0,0.00390625
n2611,1,0.00390625
n2612,0,0.00390625
n2629,0,0.00390625
n2635,0,0.00390625
n2642,0,0.00390625
n2645,0,0.00390625
n2655,0,0.00390625
n2656,0,0.00390625
n2659,0,0.0078125
n2660,0,0.0078125
n2661,0,0.0078125
n2662,0,0.0078125
n2663,0,0.0078125
n2664,0,0.0078125
n2665,0,0.0078125
n2666,0,0.0078125
n2667,0,0.0078125
n2668,0,0.0078125
n2669,0,0.0078125
n2670,0,0.0078125
n2671,0,0.0078125
n2672,0,0.0078125
n2673,0,0.0078125
n2674,0,0.0078125
n2675,0,0.0078125
n2676,0,0.0078125
n2677,0,0.0078125
n2678,0,0.0078125
n2679,0,0.0078125
n2680,0,0.0078125
n2681,0,0.0078125
n2682,0,0.0078125
n2683,0,0.0078125
n2684,0,0.0078125
n2685,0,0.0078125
n2686,0,0.0078125
n2687,0,0.0078125
n2688,0,0.0078125
n2689,0,0.0078125
n2690,0,0.0078125
n2691,0,0.0078125
n2692,0,0.0078125
n2693,0,0.0078125
n2694,0,0.0078125
n2695,0,0.0078125
n2696,0,0.0078125
n2697,0,0.0078125
n2698,0,0.0078125
n2699,0,0.0078125
n2700,0,0.0078125
n2701,0,0.0078125
n2702,0,0.0078125
n2703,0,0.0078125
n2704,0,0.0078125
n2705,0,0.0078125
n2706,0,0.0078125
n2707,0,0.0078125
n2708,0,0.0078125
n2709,0,0.0078125
n2710,0,0.0078125
n2711,0,0.0078125
n2712,0,0.0078125
n2732,1,0.0078125
n2738,0,0.0078125
n2745,1,0.0078125
n2746,1,0.0078125
n2747,0,0.0078125
n2748,1,0.0078125
n2749,0,0.0078125
n2761,0,0.0078125
n2767,0,0.0078125
n2783,0,0.0078125
n2784,0,0.0078125
n2787,0,0.015625
n2788,0,0.015625
n2789,0,0.015625
n2790,0,0.015625
n2791,0,0.015625
n2792,0,0.015625
n2793,0,0.015625
n2794,0,0.015625
n2795,0,0.015625
n2796,0,0.015625
n2797,0,0.015625
n2798,0,0.015625
n2799,0,0.015625
n2800,0,0.015625
n2801,0,0.015625
n2802,0,0.015625
n2803,0,0.015625
n2804,0,0.015625
n2805,0,0.015625
n2806,0,0.015625
n2807,0,0.015625
n2808,0,0.015625
n2809,0,0.015625
n2810,0,0.015625
n2811,0,0.015625
n2812,0,0.015625
n2813,0,0.015625
n2814,0,0.015625
n2815,0,0.015625
n2816,0,0.015625
n2817,0,0.015625
n2818,0,0.015625
n2819,0,0.015625
n2820,0,0.015625
n2821,0,0.015625
n2822,0,0.015625
n2823,0,0.015625
n2824,0,0.015625
n2825,0,0.015625
n2826,0,0.015625
n2827,0,0.015625
n2828,0,0.015625
n2829,0,0.015625
n2830,0,0.015625
n2831,0,0.015625
n2832,0,0.015625
n2833,0,0.015625
n2834,0,0.015625
n2835,0,0.015625
n2836,0,0.015625
n2837,0,0.015625
n2838,0,0.015625
n2839,0,0.015625
n2840,0,0.015625
n2841,0,0.015625
n2842,0,0.015625
n2843,0,0.015625
n2863,1,0.015625
n2869,0,0.015625
n2876,1,0.015625
n2877,1,0.015625
n2878,0,0.015625
n2879,1,0.015625
n2880,0,0.015625
n2889,0,0.015625
n2893,0,0.015625
n2896,1,0.015625
n2906,0,0.015625
n2907,0,0.015625
n2910,0,0.03125
n2911,0,0.03125
n2912,0,0.03125
n2913,0,0.03125
n2914,0,0.03125
n2915,0,0.03125
n2916,0,0.03125
n2917,0,0.03125
n2918,0,0.03125
n2919,0,0.03125
n2920,0,0.03125
n2921,0,0.03125
n2922,0,0.03125
n2923,0,0.03125
n2924,0,0.03125
n2925,0,0.03125
n2926,0,0.03125
n2927,0,0.03125
n2928,0,0.03125
n2929,0,0.03125
n2930,0,0.03125
n2931,0,0.03125
n2932,0,0.03125
n2933,0,0.03125
n2934,0,0.03125
n2935,0,0.03125
n2936,0,0.03125
n2937,0,0.03125
n2938,0,0.03125
n2939,0,0.03125
n2940,0,0.03125
n2941,0,0.03125
n2942,0,0.03125
n2943,0,0.03125
n2944,0,0.03125
n2945,0,0.03125
n2946,0,0.03125
n2947,0,0.03125
n2948,0,0.03125
n2949,0,0.03125
n2950,0,0.03125
n2951,0,0.03125
n2952,0,0.03125
n2953,0,0.03125
n2954,0,0.03125
n2955,0,0.03125
n2956,0,0.03125
n2957,0,0.03125
n2958,0,0.03125
n2959,0,0.03125
n2960,0,0.03125
n2961,0,0.03125
n2962,0,0.03125
n2963,0,0.03125
n2964,0,0.03125
n2965,0,0.03125
n2966,0,0.03125
n2967,0,0.03125
n2968,0,0.03125
n2969,0,0.03125
n2985,1,0.03125
n2991,0,0.03125
n2998,0,0.03125
n2999,0,0.03125
n3000,0,0.03125
n3009,0,0.03125
n3012,0,0.03125
n3022,0,0.03125
n3023,0,0.03125
n3026,0,0.0625
n3027,0,0.0625
n3028,0,0.0625
n3029,0,0.0625
n3030,0,0.0625
n3031,0,0.0625
n3032,0,0.0625
n3033,0,0.0625
n3034,0,0.0625
n3035,0,0.0625
n3036,0,0.0625
n3037,0,0.0625
n3038,0,0.0625
n3039,0,0.0625
n3040,0,0.0625
n3041,0,0.0625
n3042,0,0.0625
n3043,0,0.0625
n3044,0,0.0625
n3045,0,0.0625
n3046,0,0.0625
n3047,0,0.0625
n3048,0,0.0625
n3049,0,0.0625
n3050,0,0.0625
n3051,0,0.0625
n3052,0,0.0625
n3053,0,0.0625
n3054,0,0.0625
n3055,0,0.0625
n3056,0,0.0625
n3057,0,0.0625
n3058,0,0.0625
n3059,0,0.0625
n3060,0,0.0625
n3061,0,0.0625
n3062,0,0.0625
n3063,0,0.0625
n3064,0,0.0625
n3065,0,0.0625
n3066,0,0.0625
n3067,0,0.0625
n3068,0,0.0625
n3069,0,0.0625
n3070,0,0.0625
n3071,0,0.0625
n3072,0,0.0625
n3073,0,0.0625
n3074,0,0.0625
n3075,0,0.0625
n3076,0,0.0625
n3077,0,0.0625
n3078,0,0.0625
n3079,0,0.0625
n3080,0,0.0625
n3081,0,0.0625
n3082,0,0.0625
n3083,0,0.0625
n3084,0,0.0625
n3085,0,0.0625
n3086,0,0.0625
n3087,0,0.0625
n3088,0,0.0625
n3104,1,0.0625
n3110,0,0.0625
n3124,0,0.0625
n3134,0,0.0625
n3135,0,0.0625
n3138,0,0.125
n3139,0,0.125
n3140,0,0.125
n3141,0,0.125
n3142,0,0.125
n3143,0,0.125
n3144,0,0.125
n3145,0,0.125
n3146,0,0.125
n3147,0,0.125
n3148,0,0.125
n3149,0,0.125
n3150,0,0.125
n3151,0,0.125
n3152,0,0.125
n3153,0,0.125
n3154,0,0.125
n3155,0,0.125
n3156,0,0.125
n3157,0,0.125
n3158,0,0.125
n3159,0,0.125
n3160,0,0.125
n3161,0,0.125
n3162,0,0.125
n3163,0,0.125
n3164,0,0.125
n3165,0,0.125
n3166,0,0.125
n3167,0,0.125
n3168,0,0.125
n3169,0,0.125
n3170,0,0.125
n3171,0,0.125
n3172,0,0.125
n3173,0,0.125
n3174,0,0.125
n3175,0,0.125
n3176,0,0.125
n3177,0,0.125
n3178,0,0.125
n3179,0,0.125
n3180,0,0.125
n3181,0,0.125
n3182,0,0.125
n3183,0,0.125
n3184,0,0.125
n3185,0,0.125
n3186,0,0.125
n3187,0,0.125
n3188,0,0.125
n3189,0,0.125
n3190,0,0.125
n3191,0,0.125
n3192,0,0.125
n3193,0,0.125
n3194,0,0.125
n3195,0,0.125
n3196,0,0.125
n3197,0,0.125
n3198,0,0.125
n3199,0,0.125
n3200,0,0.125
n3201,0,0.125
n3202,0,0.125
n3203,0,0.125
n3219,1,0.125
n3225,0,0.125
n3244,0,0.125
n3245,0,0.125
n3248,0,0.25
n3249,0,0.25
n3250,0,0.25
n3251,0,0.25
n3252,0,0.25
n3253,0,0.25
n3254,0,0.25
n3255,0,0.25
n3256,0,0.25
n3257,0,0.25
n3258,0,0.25
n3259,0,0.25
n3260,0,0.25
n3261,0,0.25
n3262,0,0.25
n3263,0,0.25
n3264,0,0.25
n3265,0,0.25
n3266,0,0.25
n3267,0,0.25
n3268,0,0.25
n3269,0,0.25
n3270,0,0.25
n3271,0,0.25
n3272,0,0.25
n3273,0,0.25
n3274,0,0.25
n3275,0,0.25
n3276,0,0.25
n3277,0,0.25
n3278,0,0.25
n3279,0,0.25
n3280,0,0.25
n3281,0,0.25
n3282,0,0.25
n3283,0,0.25
n3284,0,0.25
n3285,0,0.25
n3286,0,0.25
n3287,0,0.25
n3288,0,0.25
n3289,0,0.25
n3290,0,0.25
n3291,0,0.25
n3292,0,0.25
n3293,0,0.25
n3294,0,0.25
n3295,0,0.25
n3296,0,0.25
n3297,0,0.25
n3298,0,0.25
n3299,0,0.25
n3300,0,0.25
n3301,0,0.25
n3302,0,0.25
n3303,0,0.25
n3304,0,0.25
n3305,0,0.25
n3306,0,0.25
n3307,0,0.25
n3308,0,0.25
n3309,0,0.25
n3310,0,0.25
n3311,0,0.25
n3312,0,0.25
n3313,0,0.25
n3314,0,0.25
n3315,0,0.25
n3316,0,0.25
n3317,0,0.25
n3332,1,0.25
n3336,0,0.25
n3349,0,0.25
n3350,0,0.25
m00,0,2.3283064365386963e-10
m01,0,4.656612873077393e-10
m02,0,9.313225746154785e-10
m03,0,1.862645149230957e-09
m04,0,3.725290298461914e-09
m05,0,7.450580596923828e-09
m06,0,1.4901161193847656e-08
m07,0,2.9802322387695312e-08
m08,0,5.960464477539063e-08
m09,0,1.1920928955078125e-07
m10,0,2.384185791015625e-07
m11,0,4.76837158203125e-07
m12,0,9.5367431640625e-07
m13,0,1.9073486328125e-06
m14,0,3.814697265625e-06
m15,0,7.62939453125e-06
m16,0,1.52587890625e-05
m17,0,3.0517578125e-05
m18,0,6.103515625e-05
m19,0,0.0001220703125
m20,0,0.000244140625
m21,0,0.00048828125
m22,0,0.0009765625
m23,0,0.001953125
m24,0,0.00390625
m25,0,0.0078125
m26,0,0.015625
m27,0,0.03125
m28,0,0.0625
m29,0,0.125
m30,0,0.25
m31,0,0.5
